id,url,href,title,price_ghs,price_period,price_ghs_month,is_daily_rate,beds,baths,garages,area_m2,neighborhood,furnished,is_featured
472704,https://meqasa.com/studio apartment-for-rent-at-Labone-472704,/studio apartment-for-rent-at-Labone-472704?y=186631647,"1 bedroom furnished studio apartment for rent in Accra, Labone",5570,month,5570,False,1,1,1,,Labone,True,True
263030,https://meqasa.com/apartment-for-rent-at-Spintex-263030,/apartment-for-rent-at-Spintex-263030?y=186631647,"1 bedroom furnished apartment for rent in Accra, Spintex",9500,month,9500,False,1,1,1,100.0,Spintex,True,True
465037,https://meqasa.com/apartment-for-rent-at-East-Legon-465037,/apartment-for-rent-at-East-Legon-465037?y=186631647,"1 bedroom furnished apartment for rent in Accra, East Legon",665,day,19950,True,1,1,1,,East Legon,True,True
472400,https://meqasa.com/apartment-for-rent-at-Afienya-472400,/apartment-for-rent-at-Afienya-472400?y=186631647,2 bedroom apartment for rent in Afienya,2200,month,2200,False,2,3,4,,Afienya,False,True
472452,https://meqasa.com/apartment-for-rent-at-Afienya-472452,/apartment-for-rent-at-Afienya-472452?y=186631647,2 bedroom apartment for rent in Afienya,2300,month,2300,False,2,2,1,,Afienya,False,True
474762,"https://meqasa.com/apartment-for-rent-at-Airport-Residential-Area,-Grand-Mirage--474762","/apartment-for-rent-at-Airport-Residential-Area,-Grand-Mirage--474762?y=186631647","1 bedroom furnished apartment for rent in Accra, Airport Residential Area, Grand Mirage",25623,month,25623,False,1,1,1,80.0,"Airport Residential Area, Grand Mirage",True,False
406858,https://meqasa.com/apartment-for-rent-at-Cantonments-406858,/apartment-for-rent-at-Cantonments-406858?y=186631647,"2 bedroom furnished apartment for rent in Accra, Cantonments",30079,month,30079,False,2,3,2,,Cantonments,True,False
203987,https://meqasa.com/apartment-for-rent-at-East-Legon-hills--203987,/apartment-for-rent-at-East-Legon-hills--203987?y=186631647,"2 bedroom apartment for rent in Accra, East Legon hills",2500,month,2500,False,2,1,2,579.0,East Legon hills,False,False
473793,https://meqasa.com/apartment-for-rent-at-West-Legon-473793,/apartment-for-rent-at-West-Legon-473793?y=186631647,"2 bedroom apartment for rent in Accra, West Legon",6000,month,6000,False,2,2,,,West Legon,False,False
470669,https://meqasa.com/apartment-for-rent-at-Cantonments-470669,/apartment-for-rent-at-Cantonments-470669?y=186631647,"2 bedroom furnished apartment for rent in Accra, Cantonments",33421,month,33421,False,2,2,,,Cantonments,True,False
413739,https://meqasa.com/apartment-for-rent-at-East-Legon-69-413739,/apartment-for-rent-at-East-Legon-69-413739?y=186631647,"2 bedroom apartment for rent in Accra, East Legon 69",16711,month,16711,False,2,3,2,5000.0,East Legon 69,False,False
465633,https://meqasa.com/apartment-for-rent-at-East-legon-69-465633,/apartment-for-rent-at-East-legon-69-465633?y=186631647,"3 bedroom furnished apartment for rent in Accra, East legon 69",27851,month,27851,False,3,4,2,5000.0,East legon 69,True,False
458222,https://meqasa.com/apartment-for-rent-at-Spintex-road--458222,/apartment-for-rent-at-Spintex-road--458222?y=186631647,"2 bedroom furnished apartment for rent in Accra, Spintex road",1114,day,33420,True,2,3,,,Spintex road,True,False
462167,https://meqasa.com/apartment-for-rent-at-Cantonments-462167,/apartment-for-rent-at-Cantonments-462167?y=186631647,"2 bedroom furnished apartment for rent in Accra, Cantonments",38991,month,38991,False,2,2,2,,Cantonments,True,False
407387,https://meqasa.com/apartment-for-rent-at-Dansoman-407387,/apartment-for-rent-at-Dansoman-407387?y=186631647,"2 bedroom furnished apartment for rent in Accra, Dansoman",11000,month,11000,False,2,3,,,Dansoman,True,False
462391,https://meqasa.com/apartment-for-rent-at-East-Legon-462391,/apartment-for-rent-at-East-Legon-462391?y=186631647,"1 bedroom furnished apartment for rent in Accra, East Legon",6000,month,6000,False,1,1,,,East Legon,True,False
471924,https://meqasa.com/apartment-for-rent-at-East-Legon-471924,/apartment-for-rent-at-East-Legon-471924?y=186631647,"1 bedroom furnished apartment for rent in Accra, East Legon",17250,month,17250,False,1,1,,,East Legon,True,False
438814,https://meqasa.com/apartment-for-rent-at-East-Legon-near-AnC-Mall-438814,/apartment-for-rent-at-East-Legon-near-AnC-Mall-438814?y=186631647,"2 bedroom furnished apartment for rent in Accra, East Legon near AnC Mall",13800,month,13800,False,2,2,,,East Legon near AnC Mall,True,False
472635,https://meqasa.com/apartment-for-rent-at-Oyarifa-472635,/apartment-for-rent-at-Oyarifa-472635?y=186631647,3 bedroom apartment for rent in Oyarifa,6500,month,6500,False,3,3,,,Oyarifa,False,False
386749,https://meqasa.com/apartment-for-rent-at-West-Hills-Mall-386749,/apartment-for-rent-at-West-Hills-Mall-386749?y=186631647,2 bedroom furnished apartment for rent in West Hills Mall,8500,month,8500,False,2,3,2,,West Hills Mall,True,False
465033,https://meqasa.com/apartment-for-rent-at-Eastlegon--465033,/apartment-for-rent-at-Eastlegon--465033?y=186631647,2 bedroom furnished apartment for rent in Eastlegon,22180,month,22180,False,2,2,2,109.0,Eastlegon,True,False
448479,https://meqasa.com/apartment-for-rent-at-East-Legon-448479,/apartment-for-rent-at-East-Legon-448479?y=186631647,"1 bedroom furnished apartment for rent in Accra, East Legon",6500,month,6500,False,1,1,1,,East Legon,True,False
469876,https://meqasa.com/apartment-for-rent-at-Taifa-469876,/apartment-for-rent-at-Taifa-469876?y=186631647,2 bedroom apartment for rent in Taifa,7000,month,7000,False,2,2,4,90.0,Taifa,False,False
263570,https://meqasa.com/apartment-for-rent-at-Community-18-Spintex-263570,/apartment-for-rent-at-Community-18-Spintex-263570?y=186631647,"1 bedroom furnished apartment for rent in Accra, Community 18 Spintex",7950,month,7950,False,1,1,1,70.0,Community 18 Spintex,True,False
6680,"https://meqasa.com/apartment-for-rent-at-Airport-Residential-Area,-Accra,-Ghana-006680","/apartment-for-rent-at-Airport-Residential-Area,-Accra,-Ghana-006680?y=186631647","3 bedroom furnished apartment for rent in Airport Residential Area, Accra, Ghana",27851,month,27851,False,3,3,,,Airport Residential Area,True,False
458343,https://meqasa.com/apartment-for-rent-at-Spintex-458343,/apartment-for-rent-at-Spintex-458343?y=186631647,"2 bedroom apartment for rent in Accra, Spintex",14400,month,14400,False,2,3,1,160.0,Spintex,False,False
474268,https://meqasa.com/apartment-for-rent-at-Haatso-474268,/apartment-for-rent-at-Haatso-474268?y=186631647,"2 bedroom apartment for rent in Accra, Haatso",4000,month,4000,False,2,2,1,,Haatso,False,False
455879,https://meqasa.com/apartment-for-rent-at-Cantoment-455879,/apartment-for-rent-at-Cantoment-455879?y=186631647,3 bedroom furnished apartment for rent in Cantoment,44562,month,44562,False,3,4,20,198.0,Cantoment,True,False
459698,https://meqasa.com/apartment-for-rent-at-Cantoments-459698,/apartment-for-rent-at-Cantoments-459698?y=186631647,2 bedroom furnished apartment for rent in Cantoments,38991,month,38991,False,2,3,2,,Cantoments,True,False
474049,https://meqasa.com/apartment-for-rent-at-East-Airport-474049,/apartment-for-rent-at-East-Airport-474049?y=186631647,"1 bedroom furnished apartment for rent in Accra, East Airport",12650,month,12650,False,1,1,1,60.0,East Airport,True,False
467581,https://meqasa.com/apartment-for-rent-at-Roman-Ridge-467581,/apartment-for-rent-at-Roman-Ridge-467581?y=186631647,"2 bedroom furnished apartment for rent in Accra, Roman Ridge",21900,month,21900,False,2,2,2,75.0,Roman Ridge,True,False
474050,https://meqasa.com/apartment-for-rent-at-East-Airport-474050,/apartment-for-rent-at-East-Airport-474050?y=186631647,"2 bedroom furnished apartment for rent in Accra, East Airport",16100,month,16100,False,2,2,1,,East Airport,True,False
344466,https://meqasa.com/apartment-for-rent-at-Airport-Residential-Area-344466,/apartment-for-rent-at-Airport-Residential-Area-344466?y=186631647,"1 bedroom furnished apartment for rent in Accra, Airport Residential Area",1495,day,44850,True,1,1,2,50.0,Airport Residential Area,True,False
344465,"https://meqasa.com/apartment-for-rent-at-OSU,-RINGWAY-ESTATE-344465","/apartment-for-rent-at-OSU,-RINGWAY-ESTATE-344465?y=186631647","1 bedroom furnished apartment for rent in Accra, OSU, RINGWAY ESTATE",1380,day,41400,True,1,2,2,47.0,"OSU, RINGWAY ESTATE",True,False
413730,https://meqasa.com/apartment-for-rent-at-Cantonments-413730,/apartment-for-rent-at-Cantonments-413730?y=186631647,"1 bedroom furnished apartment for rent in Accra, Cantonments",1380,day,41400,True,1,1,1,70.0,Cantonments,True,False
473999,https://meqasa.com/apartment-for-rent-at-Airport-Residential-Area-473999,/apartment-for-rent-at-Airport-Residential-Area-473999?y=186631647,"2 bedroom furnished apartment for rent in Accra, Airport Residential Area",20053,month,20053,False,2,2,2,,Airport Residential Area,True,False
472180,https://meqasa.com/apartment-for-rent-at-Airport-Residential-Area-472180,/apartment-for-rent-at-Airport-Residential-Area-472180?y=186631647,"3 bedroom furnished apartment for rent in Accra, Airport Residential Area",66842,month,66842,False,3,4,3,320.0,Airport Residential Area,True,False
402588,https://meqasa.com/apartment-for-rent-at-Dzorwulu-north-402588,/apartment-for-rent-at-Dzorwulu-north-402588?y=186631647,"1 bedroom furnished apartment for rent in Accra, Dzorwulu north",5570,month,5570,False,1,1,1,,Dzorwulu north,True,False
186513,https://meqasa.com/apartment-for-rent-at-Adjiringanor-186513,/apartment-for-rent-at-Adjiringanor-186513?y=186631647,2 bedroom apartment for rent in Adjiringanor,3500,month,3500,False,2,2,20,2500.0,Adjiringanor,False,False
460434,https://meqasa.com/apartment-for-rent-at-Airport-Area-460434,/apartment-for-rent-at-Airport-Area-460434?y=186631647,"2 bedroom furnished apartment for rent in Accra, Airport Area",22281,month,22281,False,2,2,2,180.0,Airport Area,True,False
462254,https://meqasa.com/apartment-for-rent-at-Cantonments-462254,/apartment-for-rent-at-Cantonments-462254?y=186631647,"2 bedroom furnished apartment for rent in Accra, Cantonments",32200,month,32200,False,2,2,1,,Cantonments,True,False
458255,https://meqasa.com/apartment-for-rent-at-Labone-458255,/apartment-for-rent-at-Labone-458255?y=186631647,"2 bedroom furnished apartment for rent in Accra, Labone",31193,month,31193,False,2,3,3,120.0,Labone,True,False
463320,https://meqasa.com/apartment-for-rent-at-Sakumono--463320,/apartment-for-rent-at-Sakumono--463320?y=186631647,1 bedroom apartment for rent in Sakumono,7700,month,7700,False,1,1,1,152.0,Sakumono,False,False
464794,https://meqasa.com/apartment-for-rent-at-Cantonment-464794,/apartment-for-rent-at-Cantonment-464794?y=186631647,3 bedroom furnished apartment for rent in Cantonment,44562,month,44562,False,3,3,1,,Cantonment,True,False
473413,https://meqasa.com/apartment-for-rent-at-Kwabenya-473413,/apartment-for-rent-at-Kwabenya-473413?y=186631647,2 bedroom furnished apartment for rent in Kwabenya,9000,month,9000,False,2,9000,1,,Kwabenya,True,False
433915,https://meqasa.com/apartment-for-rent-at-Spintex-basket-433915,/apartment-for-rent-at-Spintex-basket-433915?y=186631647,"2 bedroom apartment for rent in Accra, Spintex basket",3600,month,3600,False,2,3,,,Spintex basket,False,False
362615,https://meqasa.com/apartment-for-rent-at-Airport-Residential-Area-362615,/apartment-for-rent-at-Airport-Residential-Area-362615?y=186631647,"3 bedroom furnished apartment for rent in Accra, Airport Residential Area",39040,month,39040,False,3,4,2,,Airport Residential Area,True,False
407234,https://meqasa.com/apartment-for-rent-at-Cantonment--407234,/apartment-for-rent-at-Cantonment--407234?y=186631647,2 bedroom furnished apartment for rent in Cantonment,36600,month,36600,False,2,3,2,,Cantonment,True,False
468652,https://meqasa.com/apartment-for-rent-at-East-Legon-468652,/apartment-for-rent-at-East-Legon-468652?y=186631647,"2 bedroom furnished apartment for rent in Accra, East Legon",13800,month,13800,False,2,2,,,East Legon,True,False
459690,"https://meqasa.com/apartment-for-rent-at-East-Legon,-Lagos-Avenue-459690","/apartment-for-rent-at-East-Legon,-Lagos-Avenue-459690?y=186631647","2 bedroom furnished apartment for rent in Accra, East Legon, Lagos Avenue",19550,month,19550,False,2,3,,,"East Legon, Lagos Avenue",True,False
363360,https://meqasa.com/apartment-for-rent-at-East-Legon-363360,/apartment-for-rent-at-East-Legon-363360?y=186631647,"2 bedroom apartment for rent in Accra, East Legon",6684,month,6684,False,2,2,2,200.0,East Legon,False,False
386750,https://meqasa.com/apartment-for-rent-at-West-Hills-Mall-386750,/apartment-for-rent-at-West-Hills-Mall-386750?y=186631647,2 bedroom furnished apartment for rent in West Hills Mall,3500,week,15208,False,2,3,2,,West Hills Mall,True,False
471192,https://meqasa.com/apartment-for-rent-at-East-Legon-471192,/apartment-for-rent-at-East-Legon-471192?y=186631647,"3 bedroom furnished apartment for rent in Accra, East Legon",1800,day,54000,True,3,3,2,,East Legon,True,False
473451,"https://meqasa.com/apartment-for-rent-at-East-Legon,-Dell-hospital--473451","/apartment-for-rent-at-East-Legon,-Dell-hospital--473451?y=186631647","2 bedroom apartment for rent in Accra, East Legon, Dell hospital",5000,month,5000,False,2,3,2,9.0,"East Legon, Dell hospital",False,False
437828,https://meqasa.com/apartment-for-rent-at-Ofankor-Achimota--437828,/apartment-for-rent-at-Ofankor-Achimota--437828?y=186631647,"2 bedroom furnished apartment for rent in Accra, Ofankor Achimota",6000,month,6000,False,2,3,2,100.0,Ofankor Achimota,True,False
470875,https://meqasa.com/apartment-for-rent-at-Achimota-470875,/apartment-for-rent-at-Achimota-470875?y=186631647,"3 bedroom furnished apartment for rent in Accra, Achimota",16711,month,16711,False,3,4,3,,Achimota,True,False
218884,https://meqasa.com/apartment-for-rent-at-Community-18-Spintex-218884,/apartment-for-rent-at-Community-18-Spintex-218884?y=186631647,"2 bedroom furnished apartment for rent in Accra, Community 18 Spintex",14950,month,14950,False,2,2,1,100.0,Community 18 Spintex,True,False
474231,https://meqasa.com/apartment-for-rent-at-Ofankor-474231,/apartment-for-rent-at-Ofankor-474231?y=186631647,2 bedroom apartment for rent in Ofankor,2300,month,2300,False,2,1,3,564.0,Ofankor,False,False
209398,https://meqasa.com/apartment-for-rent-at-Spintex-Community-18--209398,/apartment-for-rent-at-Spintex-Community-18--209398?y=186631647,"2 bedroom furnished apartment for rent in Accra, Spintex Community 18",11950,month,11950,False,2,2,1,80.0,Spintex Community 18,True,False
459693,https://meqasa.com/apartment-for-rent-at-Cantoments-459693,/apartment-for-rent-at-Cantoments-459693?y=186631647,1 bedroom furnished apartment for rent in Cantoments,27851,month,27851,False,1,1,3,,Cantoments,True,False
455927,https://meqasa.com/apartment-for-rent-at-Labadi-Around-Mawarko-455927,/apartment-for-rent-at-Labadi-Around-Mawarko-455927?y=186631647,1 bedroom furnished apartment for rent in Labadi Around Mawarko,8912,month,8912,False,1,1,1,90.0,Labadi Around Mawarko,True,False
456010,https://meqasa.com/apartment-for-rent-at-Cantonments-456010,/apartment-for-rent-at-Cantonments-456010?y=186631647,"3 bedroom furnished apartment for rent in Accra, Cantonments",27851,month,27851,False,3,4,6,200.0,Cantonments,True,False
461313,https://meqasa.com/apartment-for-rent-at-OSU-Ako-Adjei-461313,/apartment-for-rent-at-OSU-Ako-Adjei-461313?y=186631647,"2 bedroom furnished apartment for rent in Accra, OSU-Ako Adjei",24509,month,24509,False,2,4,3,190.0,OSU-Ako Adjei,True,False
459694,https://meqasa.com/apartment-for-rent-at-Cantonments-459694,/apartment-for-rent-at-Cantonments-459694?y=186631647,"3 bedroom furnished apartment for rent in Accra, Cantonments",50132,month,50132,False,3,4,3,,Cantonments,True,False
474073,https://meqasa.com/apartment-for-rent-at-East-Legon-474073,/apartment-for-rent-at-East-Legon-474073?y=186631647,"2 bedroom apartment for rent in Accra, East Legon",6500,month,6500,False,2,3,,,East Legon,False,False
272796,https://meqasa.com/apartment-for-rent-at-Achimota-272796,/apartment-for-rent-at-Achimota-272796?y=186631647,"2 bedroom apartment for rent in Accra, Achimota",1337,day,40110,True,2,2,1,140.0,Achimota,False,False
472820,https://meqasa.com/apartment-for-rent-at-Oyarifa-472820,/apartment-for-rent-at-Oyarifa-472820?y=186631647,2 bedroom apartment for rent in Oyarifa,3000,month,3000,False,2,2,,,Oyarifa,False,False
474053,https://meqasa.com/apartment-for-rent-at-East-Legon-474053,/apartment-for-rent-at-East-Legon-474053?y=186631647,"2 bedroom apartment for rent in Accra, East Legon",9469,month,9469,False,2,1,,,East Legon,False,False
473844,https://meqasa.com/apartment-for-rent-at-Roman-Ridge-473844,/apartment-for-rent-at-Roman-Ridge-473844?y=186631647,"1 bedroom furnished apartment for rent in Accra, Roman Ridge",22281,month,22281,False,1,1,1,,Roman Ridge,True,False
472783,https://meqasa.com/apartment-for-rent-at-Cantonments-472783,/apartment-for-rent-at-Cantonments-472783?y=186631647,"3 bedroom furnished apartment for rent in Accra, Cantonments",26356,month,26356,False,3,3,,,Cantonments,True,False
147879,https://meqasa.com/apartment-for-rent-at-EAST-LEGON-HILLS-147879,/apartment-for-rent-at-EAST-LEGON-HILLS-147879?y=186631647,"2 bedroom apartment for rent in Accra, EAST LEGON HILLS",6000,month,6000,False,2,2,,,EAST LEGON HILLS,False,False
344456,"https://meqasa.com/apartment-for-rent-at-OSU,-RINGWAY-ESTATE--344456","/apartment-for-rent-at-OSU,-RINGWAY-ESTATE--344456?y=186631647","1 bedroom furnished apartment for rent in Accra, OSU, RINGWAY ESTATE",2289,day,68670,True,1,1,2,72.0,"OSU, RINGWAY ESTATE",True,False
473995,https://meqasa.com/apartment-for-rent-at-East-Airport-473995,/apartment-for-rent-at-East-Airport-473995?y=186631647,"1 bedroom furnished apartment for rent in Accra, East Airport",11140,month,11140,False,1,1,,,East Airport,True,False
473993,https://meqasa.com/apartment-for-rent-at-East-Airport-473993,/apartment-for-rent-at-East-Airport-473993?y=186631647,"2 bedroom furnished apartment for rent in Accra, East Airport",1671,day,50130,True,2,1,,,East Airport,True,False
399843,https://meqasa.com/apartment-for-rent-at-East-Cantonments-399843,/apartment-for-rent-at-East-Cantonments-399843?y=186631647,"2 bedroom furnished apartment for rent in Accra, East Cantonments",38991,month,38991,False,2,2,,,East Cantonments,True,False
473570,https://meqasa.com/apartment-for-rent-at-teshie-centry--473570,/apartment-for-rent-at-teshie-centry--473570?y=186631647,"1 bedroom apartment for rent in Accra, teshie centry",2300,month,2300,False,1,2,,,teshie centry,False,False
473159,https://meqasa.com/apartment-for-rent-at-School-Junction-KFC-enclave--473159,/apartment-for-rent-at-School-Junction-KFC-enclave--473159?y=186631647,2 bedroom apartment for rent in School Junction KFC enclave,4300,month,4300,False,2,3,,,School Junction KFC enclave,False,False
471236,https://meqasa.com/apartment-for-rent-at-East-Airport--471236,/apartment-for-rent-at-East-Airport--471236?y=186631647,"2 bedroom furnished apartment for rent in Accra, East Airport",22281,month,22281,False,2,3,6,123.0,East Airport,True,False
473191,https://meqasa.com/apartment-for-rent-at-Adjiringanor-473191,/apartment-for-rent-at-Adjiringanor-473191?y=186631647,3 bedroom furnished apartment for rent in Adjiringanor,19200,month,19200,False,3,3,2,250.0,Adjiringanor,True,False
464602,https://meqasa.com/apartment-for-rent-at-Osu-464602,/apartment-for-rent-at-Osu-464602?y=186631647,"2 bedroom furnished apartment for rent in Accra, Osu",18000,month,18000,False,2,2,2,274.0,Osu,True,False
472331,https://meqasa.com/apartment-for-rent-at-Cantoment--472331,/apartment-for-rent-at-Cantoment--472331?y=186631647,1 bedroom furnished apartment for rent in Cantoment,22281,month,22281,False,1,1,,100.0,Cantoment,True,False
67780,https://meqasa.com/apartment-for-rent-at-Polo-Hight-067780,/apartment-for-rent-at-Polo-Hight-067780?y=186631647,3 bedroom apartment for rent in Polo Hight,33421,month,33421,False,3,3,2,100.0,Polo Hight,False,False
472332,https://meqasa.com/apartment-for-rent-at-Cantonments-472332,/apartment-for-rent-at-Cantonments-472332?y=186631647,"1 bedroom furnished apartment for rent in Accra, Cantonments",20610,month,20610,False,1,1,1,100.0,Cantonments,True,False
472944,https://meqasa.com/apartment-for-rent-at-Ablekuma-Agwagina--472944,/apartment-for-rent-at-Ablekuma-Agwagina--472944?y=186631647,1 bedroom apartment for rent in Ablekuma Agwagina,500,month,500,False,1,1,,,Ablekuma Agwagina,False,False
186506,https://meqasa.com/apartment-for-rent-at-Adjiringanor--186506,/apartment-for-rent-at-Adjiringanor--186506?y=186631647,2 bedroom apartment for rent in Adjiringanor,3500,month,3500,False,2,2,10,2500.0,Adjiringanor,False,False
348801,https://meqasa.com/apartment-for-rent-at-Tesano-348801,/apartment-for-rent-at-Tesano-348801?y=186631647,"1 bedroom furnished apartment for rent in Accra, Tesano",8912,month,8912,False,1,2,2,,Tesano,True,False
95887,https://meqasa.com/apartment-for-rent-at-Airport-Residential-Area-095887,/apartment-for-rent-at-Airport-Residential-Area-095887?y=186631647,"2 bedroom furnished apartment for rent in Accra, Airport Residential Area",24509,month,24509,False,2,1,,1000.0,Airport Residential Area,True,False
467642,https://meqasa.com/apartment-for-rent-at-Ogbojo-467642,/apartment-for-rent-at-Ogbojo-467642?y=186631647,2 bedroom apartment for rent in Ogbojo,5000,month,5000,False,2,3,,,Ogbojo,False,False
465644,https://meqasa.com/apartment-for-rent-at-Airport-Area-465644,/apartment-for-rent-at-Airport-Area-465644?y=186631647,"2 bedroom furnished apartment for rent in Accra, Airport Area",24509,month,24509,False,2,2,2,120.0,Airport Area,True,False
440352,https://meqasa.com/apartment-for-rent-at-Tse-Addo-440352,/apartment-for-rent-at-Tse-Addo-440352?y=186631647,1 bedroom furnished apartment for rent in Tse Addo,11500,month,11500,False,1,2,,,Tse Addo,True,False
459211,https://meqasa.com/apartment-for-rent-at-Spintex--459211,/apartment-for-rent-at-Spintex--459211?y=186631647,"2 bedroom furnished apartment for rent in Accra, Spintex",9500,month,9500,False,2,2,6,123.0,Spintex,True,False
406185,https://meqasa.com/apartment-for-rent-at-Cantonments-406185,/apartment-for-rent-at-Cantonments-406185?y=186631647,"2 bedroom furnished apartment for rent in Accra, Cantonments",27851,month,27851,False,2,3,2,,Cantonments,True,False
408207,https://meqasa.com/apartment-for-rent-at-East-Airport-408207,/apartment-for-rent-at-East-Airport-408207?y=186631647,"3 bedroom apartment for rent in Accra, East Airport",17825,month,17825,False,3,3,2,,East Airport,False,False
247944,https://meqasa.com/apartment-for-rent-at-East-Legon-247944,/apartment-for-rent-at-East-Legon-247944?y=186631647,"3 bedroom apartment for rent in Accra, East Legon",11000,month,11000,False,3,3,3,150.0,East Legon,False,False
474794,https://meqasa.com/apartment-for-rent-at-Tse-Addo-474794,/apartment-for-rent-at-Tse-Addo-474794?y=186631647,1 bedroom apartment for rent in Tse Addo,2500,month,2500,False,1,1,1,987.0,Tse Addo,False,False
474797,https://meqasa.com/apartment-for-rent-at-North-Kaneshie-474797,/apartment-for-rent-at-North-Kaneshie-474797?y=186631647,"1 bedroom furnished apartment for rent in Accra, North Kaneshie",4000,month,4000,False,1,1,2,987.0,North Kaneshie,True,False
472529,https://meqasa.com/apartment-for-rent-at-Spintex-472529,/apartment-for-rent-at-Spintex-472529?y=186631647,"2 bedroom apartment for rent in Accra, Spintex",3500,month,3500,False,2,2,2,987.0,Spintex,False,False
115178,https://meqasa.com/apartment-for-rent-at-Teshie-115178,/apartment-for-rent-at-Teshie-115178?y=186631647,"2 bedroom apartment for rent in Accra, Teshie",3000,month,3000,False,2,2,,,Teshie,False,False
115708,https://meqasa.com/apartment-for-rent-at-Dzorwulu-115708,/apartment-for-rent-at-Dzorwulu-115708?y=186631647,"2 bedroom apartment for rent in Accra, Dzorwulu",4000,month,4000,False,2,2,,,Dzorwulu,False,False
468055,https://meqasa.com/apartment-for-rent-at-Spintex-468055,/apartment-for-rent-at-Spintex-468055?y=186631647,"2 bedroom apartment for rent in Accra, Spintex",3000,month,3000,False,2,3,2,985.0,Spintex,False,False
472653,https://meqasa.com/apartment-for-rent-at-Spintex-472653,/apartment-for-rent-at-Spintex-472653?y=186631647,"2 bedroom apartment for rent in Accra, Spintex",2500,month,2500,False,2,2,2,987.0,Spintex,False,False
118389,https://meqasa.com/apartment-for-rent-at-Labone-118389,/apartment-for-rent-at-Labone-118389?y=186631647,"2 bedroom apartment for rent in Accra, Labone",33421,month,33421,False,2,2,,,Labone,False,False
303735,https://meqasa.com/apartment-for-rent-at-Airport--303735,/apartment-for-rent-at-Airport--303735?y=186631647,3 bedroom furnished apartment for rent in Airport,4193,day,125790,True,3,3,,,Airport,True,False
312858,https://meqasa.com/apartment-for-rent-at-Airport-312858,/apartment-for-rent-at-Airport-312858?y=186631647,3 bedroom furnished apartment for rent in Airport,38336,month,38336,False,3,3,,,Airport,True,False
115169,https://meqasa.com/apartment-for-rent-at-Teshie-115169,/apartment-for-rent-at-Teshie-115169?y=186631647,"1 bedroom apartment for rent in Accra, Teshie",1500,month,1500,False,1,1,,,Teshie,False,False
114587,https://meqasa.com/apartment-for-rent-at-East-Legon-114587,/apartment-for-rent-at-East-Legon-114587?y=186631647,"1 bedroom apartment for rent in Accra, East Legon",2000,month,2000,False,1,1,,,East Legon,False,False
472305,https://meqasa.com/apartment-for-rent-at-Ogbojo-472305,/apartment-for-rent-at-Ogbojo-472305?y=186631647,1 bedroom apartment for rent in Ogbojo,1500,month,1500,False,1,1,1,987.0,Ogbojo,False,False
115897,https://meqasa.com/apartment-for-rent-at-abelenkpe-115897,/apartment-for-rent-at-abelenkpe-115897?y=186631647,1 bedroom apartment for rent in abelenkpe,1200,month,1200,False,1,1,,,abelenkpe,False,False
471470,https://meqasa.com/apartment-for-rent-at-Labone-471470,/apartment-for-rent-at-Labone-471470?y=186631647,"2 bedroom furnished apartment for rent in Accra, Labone",26737,month,26737,False,2,3,2,,Labone,True,False
471607,https://meqasa.com/apartment-for-rent-at-Labone--471607,/apartment-for-rent-at-Labone--471607?y=186631647,"3 bedroom furnished apartment for rent in Accra, Labone",35649,month,35649,False,3,4,3,,Labone,True,False
470351,https://meqasa.com/apartment-for-rent-at-Cantonments-470351,/apartment-for-rent-at-Cantonments-470351?y=186631647,"3 bedroom apartment for rent in Accra, Cantonments",22281,month,22281,False,3,3,2,,Cantonments,False,False
470337,https://meqasa.com/apartment-for-rent-at-Airport-470337,/apartment-for-rent-at-Airport-470337?y=186631647,4 bedroom apartment for rent in Airport,38991,month,38991,False,4,5,3,,Airport,False,False
116128,https://meqasa.com/apartment-for-rent-at-Abelemkpe-116128,/apartment-for-rent-at-Abelemkpe-116128?y=186631647,"3 bedroom apartment for rent in Accra, Abelemkpe",6000,month,6000,False,3,3,,,Abelemkpe,False,False
266731,https://meqasa.com/apartment-for-rent-at-Airport-Residential-area--266731,/apartment-for-rent-at-Airport-Residential-area--266731?y=186631647,"1 bedroom furnished apartment for rent in Accra, Airport Residential area",13368,month,13368,False,1,1,30,90.0,Airport Residential area,True,False
275045,https://meqasa.com/apartment-for-rent-at-West-Trassaco--275045,/apartment-for-rent-at-West-Trassaco--275045?y=186631647,2 bedroom furnished apartment for rent in West Trassaco,16711,month,16711,False,2,3,3,350.0,West Trassaco,True,False
216911,https://meqasa.com/apartment-for-rent-at-Airport-city--216911,/apartment-for-rent-at-Airport-city--216911?y=186631647,"2 bedroom furnished apartment for rent in Accra, Airport city",38991,month,38991,False,2,3,100,270.0,Airport city,True,False
458490,https://meqasa.com/apartment-for-rent-at-East-Legon--458490,/apartment-for-rent-at-East-Legon--458490?y=186631647,"2 bedroom furnished apartment for rent in Accra, East Legon",27851,month,27851,False,2,3,50,175.0,East Legon,True,False
383974,https://meqasa.com/apartment-for-rent-at-Airport-City-383974,/apartment-for-rent-at-Airport-City-383974?y=186631647,"3 bedroom furnished apartment for rent in Accra, Airport City",41930,month,41930,False,3,3,3,,Airport City,True,False
304050,https://meqasa.com/apartment-for-rent-at-Airport-Area-304050,/apartment-for-rent-at-Airport-Area-304050?y=186631647,"3 bedroom furnished apartment for rent in Accra, Airport Area",29950,month,29950,False,3,3,,,Airport Area,True,False
451637,https://meqasa.com/apartment-for-rent-at-Burma-Hills--451637,/apartment-for-rent-at-Burma-Hills--451637?y=186631647,3 bedroom furnished apartment for rent in Burma Hills,16711,month,16711,False,3,4,15,450.0,Burma Hills,True,False
381935,https://meqasa.com/apartment-for-rent-at-Airport-Residential-Area--381935,/apartment-for-rent-at-Airport-Residential-Area--381935?y=186631647,"3 bedroom furnished apartment for rent in Accra, Airport Residential Area",38991,month,38991,False,3,3,25,270.0,Airport Residential Area,True,False
399411,https://meqasa.com/apartment-for-rent-at-Cantonment--399411,/apartment-for-rent-at-Cantonment--399411?y=186631647,3 bedroom furnished apartment for rent in Cantonment,33421,month,33421,False,3,3,100,350.0,Cantonment,True,False
382149,https://meqasa.com/apartment-for-rent-at-SHIASHIE--382149,/apartment-for-rent-at-SHIASHIE--382149?y=186631647,"1 bedroom furnished apartment for rent in Accra, SHIASHIE",1560,day,46800,True,1,1,50,90.0,SHIASHIE,True,False
382150,https://meqasa.com/apartment-for-rent-at-SHIASHIE--382150,/apartment-for-rent-at-SHIASHIE--382150?y=186631647,"1 bedroom furnished apartment for rent in Accra, SHIASHIE",10026,week,43563,False,1,1,50,90.0,SHIASHIE,True,False
382151,https://meqasa.com/apartment-for-rent-at-SHIASHIE--382151,/apartment-for-rent-at-SHIASHIE--382151?y=186631647,"1 bedroom furnished apartment for rent in Accra, SHIASHIE",31193,month,31193,False,1,2,50,90.0,SHIASHIE,True,False
382146,https://meqasa.com/apartment-for-rent-at-SHIASHIE--382146,/apartment-for-rent-at-SHIASHIE--382146?y=186631647,"1 bedroom furnished apartment for rent in Accra, SHIASHIE",1448,day,43440,True,1,2,50,90.0,SHIASHIE,True,False
413503,https://meqasa.com/apartment-for-rent-at-Cantonment--413503,/apartment-for-rent-at-Cantonment--413503?y=186631647,1 bedroom furnished apartment for rent in Cantonment,27851,month,27851,False,1,1,50,75.0,Cantonment,True,False
382147,https://meqasa.com/apartment-for-rent-at-SHIASHIE--382147,/apartment-for-rent-at-SHIASHIE--382147?y=186631647,"1 bedroom furnished apartment for rent in Accra, SHIASHIE",9358,week,40661,False,1,2,50,90.0,SHIASHIE,True,False
461194,https://meqasa.com/apartment-for-rent-at-Dzorwulu--461194,/apartment-for-rent-at-Dzorwulu--461194?y=186631647,"1 bedroom furnished apartment for rent in Accra, Dzorwulu",10000,month,10000,False,1,1,5,,Dzorwulu,True,False
455435,https://meqasa.com/apartment-for-rent-at-Cantonment--455435,/apartment-for-rent-at-Cantonment--455435?y=186631647,2 bedroom apartment for rent in Cantonment,24509,month,24509,False,2,3,50,150.0,Cantonment,False,False
382157,https://meqasa.com/apartment-for-rent-at-SHIASHIE--382157,/apartment-for-rent-at-SHIASHIE--382157?y=186631647,"2 bedroom furnished apartment for rent in Accra, SHIASHIE",15597,week,67769,False,2,3,50,250.0,SHIASHIE,True,False
382158,https://meqasa.com/apartment-for-rent-at-SHIASHIE--382158,/apartment-for-rent-at-SHIASHIE--382158?y=186631647,"2 bedroom furnished apartment for rent in Accra, SHIASHIE",36763,month,36763,False,2,3,50,90.0,SHIASHIE,True,False
382143,https://meqasa.com/apartment-for-rent-at-SHIASHIE--382143,/apartment-for-rent-at-SHIASHIE--382143?y=186631647,"2 bedroom furnished apartment for rent in Accra, SHIASHIE",2674,day,80220,True,2,3,50,250.0,SHIASHIE,True,False
382156,https://meqasa.com/apartment-for-rent-at-SHIASHIE--382156,/apartment-for-rent-at-SHIASHIE--382156?y=186631647,"2 bedroom furnished apartment for rent in Accra, SHIASHIE",2451,day,73530,True,2,3,50,90.0,SHIASHIE,True,False
399406,https://meqasa.com/apartment-for-rent-at-Airport-Residential-Area--399406,/apartment-for-rent-at-Airport-Residential-Area--399406?y=186631647,"2 bedroom furnished apartment for rent in Accra, Airport Residential Area",22281,month,22281,False,2,3,,,Airport Residential Area,True,False
380896,https://meqasa.com/apartment-for-rent-at-East-Legon--380896,/apartment-for-rent-at-East-Legon--380896?y=186631647,"2 bedroom furnished apartment for rent in Accra, East Legon",30079,month,30079,False,2,3,50,175.0,East Legon,True,False
467477,https://meqasa.com/apartment-for-rent-at-Airport-Residential--467477,/apartment-for-rent-at-Airport-Residential--467477?y=186631647,3 bedroom furnished apartment for rent in Airport Residential,89123,month,89123,False,3,4,100,450.0,Airport Residential,True,False
174895,https://meqasa.com/apartment-for-rent-at-West-Airport-Area-174895,/apartment-for-rent-at-West-Airport-Area-174895?y=186631647,"3 bedroom furnished apartment for rent in Accra, West Airport Area",24509,month,24509,False,3,3,20,250.0,West Airport Area,True,False
411066,https://meqasa.com/apartment-for-rent-at-Airport-Residential-Area-411066,/apartment-for-rent-at-Airport-Residential-Area-411066?y=186631647,"3 bedroom furnished apartment for rent in Accra, Airport Residential Area",42334,month,42334,False,3,4,20,350.0,Airport Residential Area,True,False
380924,https://meqasa.com/apartment-for-rent-at-AIRPORT-RESIDENTIAL-AREA--380924,/apartment-for-rent-at-AIRPORT-RESIDENTIAL-AREA--380924?y=186631647,"3 bedroom furnished apartment for rent in Accra, AIRPORT RESIDENTIAL AREA",31193,month,31193,False,3,4,25,250.0,AIRPORT RESIDENTIAL AREA,True,False
463059,https://meqasa.com/apartment-for-rent-at-Tantra-Hill-463059,/apartment-for-rent-at-Tantra-Hill-463059?y=186631647,3 bedroom apartment for rent in Tantra Hill,7500,month,7500,False,3,3,10,350.0,Tantra Hill,False,False
472027,https://meqasa.com/apartment-for-rent-at-Airport-Residential-Area--472027,/apartment-for-rent-at-Airport-Residential-Area--472027?y=186631647,"3 bedroom furnished apartment for rent in Accra, Airport Residential Area",42350,month,42350,False,3,4,100,250.0,Airport Residential Area,True,False
440094,https://meqasa.com/apartment-for-rent-at-Labone-440094,/apartment-for-rent-at-Labone-440094?y=186631647,"1 bedroom furnished apartment for rent in Accra, Labone",13368,month,13368,False,1,1,2,,Labone,True,False
101365,https://meqasa.com/apartment-for-rent-at-North-ridge--101365,/apartment-for-rent-at-North-ridge--101365?y=186631647,"1 bedroom furnished apartment for rent in Accra, North ridge",15597,month,15597,False,1,1,3,120.0,North ridge,True,False
93637,https://meqasa.com/apartment-for-rent-at-Cantonments-093637,/apartment-for-rent-at-Cantonments-093637?y=186631647,"1 bedroom furnished apartment for rent in Accra, Cantonments",16711,month,16711,False,1,2,6,90.0,Cantonments,True,False
470556,https://meqasa.com/apartment-for-rent-at-Westlands-470556,/apartment-for-rent-at-Westlands-470556?y=186631647,"2 bedroom apartment for rent in Accra, Westlands",11000,month,11000,False,2,2,1,,Westlands,False,False
93614,https://meqasa.com/apartment-for-rent-at-Cantonments-093614,/apartment-for-rent-at-Cantonments-093614?y=186631647,"2 bedroom furnished apartment for rent in Accra, Cantonments",20000,month,20000,False,2,3,2,,Cantonments,True,False
183344,https://meqasa.com/apartment-for-rent-at-Cantonments--183344,/apartment-for-rent-at-Cantonments--183344?y=186631647,"2 bedroom furnished apartment for rent in Accra, Cantonments",25623,month,25623,False,2,3,2,,Cantonments,True,False
97058,https://meqasa.com/apartment-for-rent-at-Trade-Fair-097058,/apartment-for-rent-at-Trade-Fair-097058?y=186631647,2 bedroom furnished apartment for rent in Trade Fair,14483,month,14483,False,2,3,2,180.0,Trade Fair,True,False
114578,https://meqasa.com/apartment-for-rent-at-East-Legon-114578,/apartment-for-rent-at-East-Legon-114578?y=186631647,"2 bedroom apartment for rent in Accra, East Legon",6000,month,6000,False,2,2,,,East Legon,False,False
128484,https://meqasa.com/apartment-for-rent-at-Cantonments--128484,/apartment-for-rent-at-Cantonments--128484?y=186631647,"2 bedroom furnished apartment for rent in Accra, Cantonments",17825,month,17825,False,2,3,2,,Cantonments,True,False
148000,https://meqasa.com/apartment-for-rent-at-Cantonments-148000,/apartment-for-rent-at-Cantonments-148000?y=186631647,"3 bedroom furnished apartment for rent in Accra, Cantonments",33421,month,33421,False,3,4,3,360.0,Cantonments,True,False
465862,https://meqasa.com/apartment-for-rent-at-Cantonments--465862,/apartment-for-rent-at-Cantonments--465862?y=186631647,"3 bedroom apartment for rent in Accra, Cantonments",27851,month,27851,False,3,4,3,,Cantonments,False,False
92447,https://meqasa.com/apartment-for-rent-at-Labone-092447,/apartment-for-rent-at-Labone-092447?y=186631647,"3 bedroom furnished apartment for rent in Accra, Labone",26737,month,26737,False,3,4,1,220.0,Labone,True,False
91587,https://meqasa.com/apartment-for-rent-at-Labone-091587,/apartment-for-rent-at-Labone-091587?y=186631647,"3 bedroom apartment for rent in Accra, Labone",16711,month,16711,False,3,3,3,240.0,Labone,False,False
94936,https://meqasa.com/apartment-for-rent-at-Airport-Residential-Area-094936,/apartment-for-rent-at-Airport-Residential-Area-094936?y=186631647,"3 bedroom apartment for rent in Accra, Airport Residential Area",20053,month,20053,False,3,4,2,,Airport Residential Area,False,False
105213,https://meqasa.com/apartment-for-rent-at-Airport-Residential-Area-105213,/apartment-for-rent-at-Airport-Residential-Area-105213?y=186631647,"3 bedroom furnished apartment for rent in Accra, Airport Residential Area",24509,month,24509,False,3,3,2,,Airport Residential Area,True,False
465904,https://meqasa.com/apartment-for-rent-at-Cantonments--465904,/apartment-for-rent-at-Cantonments--465904?y=186631647,"4 bedroom furnished apartment for rent in Accra, Cantonments",25623,month,25623,False,4,4,2,,Cantonments,True,False
451036,https://meqasa.com/apartment-for-rent-at-Roman-Ridge-451036,/apartment-for-rent-at-Roman-Ridge-451036?y=186631647,"1 bedroom furnished apartment for rent in Accra, Roman Ridge",15597,month,15597,False,1,1,,,Roman Ridge,True,False
451128,https://meqasa.com/apartment-for-rent-at-Cantonments-451128,/apartment-for-rent-at-Cantonments-451128?y=186631647,"1 bedroom apartment for rent in Accra, Cantonments",13368,month,13368,False,1,1,,,Cantonments,False,False
398287,https://meqasa.com/apartment-for-rent-at-Labone-398287,/apartment-for-rent-at-Labone-398287?y=186631647,"1 bedroom furnished apartment for rent in Accra, Labone",16711,month,16711,False,1,1,,70.0,Labone,True,False
451041,https://meqasa.com/apartment-for-rent-at-Labone-451041,/apartment-for-rent-at-Labone-451041?y=186631647,"1 bedroom furnished apartment for rent in Accra, Labone",14483,month,14483,False,1,1,,,Labone,True,False
397771,https://meqasa.com/apartment-for-rent-at-Osu-397771,/apartment-for-rent-at-Osu-397771?y=186631647,"1 bedroom furnished apartment for rent in Accra, Osu",12254,month,12254,False,1,1,,60.0,Osu,True,False
451042,https://meqasa.com/apartment-for-rent-at-East-Legon-451042,/apartment-for-rent-at-East-Legon-451042?y=186631647,"2 bedroom apartment for rent in Accra, East Legon",7000,month,7000,False,2,2,,,East Legon,False,False
404335,https://meqasa.com/apartment-for-rent-at-East-Legon-404335,/apartment-for-rent-at-East-Legon-404335?y=186631647,"2 bedroom furnished apartment for rent in Accra, East Legon",17825,month,17825,False,2,2,,,East Legon,True,False
451033,https://meqasa.com/apartment-for-rent-at-Osu-451033,/apartment-for-rent-at-Osu-451033?y=186631647,"2 bedroom furnished apartment for rent in Accra, Osu",13368,month,13368,False,2,2,,,Osu,True,False
398173,https://meqasa.com/apartment-for-rent-at-Shiashie-398173,/apartment-for-rent-at-Shiashie-398173?y=186631647,"2 bedroom apartment for rent in Accra, Shiashie",16321,month,16321,False,2,3,,115.0,Shiashie,False,False
398177,https://meqasa.com/apartment-for-rent-at-East-Legon-Hills-398177,/apartment-for-rent-at-East-Legon-Hills-398177?y=186631647,"3 bedroom apartment for rent in Accra, East Legon Hills",9500,month,9500,False,3,3,,,East Legon Hills,False,False
471121,https://meqasa.com/apartment-for-rent-at-West-Airport-471121,/apartment-for-rent-at-West-Airport-471121?y=186631647,2 bedroom apartment for rent in West Airport,15262,month,15262,False,2,2,3,330.0,West Airport,False,False
114295,https://meqasa.com/apartment-for-rent-at-Tse-Addo-114295,/apartment-for-rent-at-Tse-Addo-114295?y=186631647,1 bedroom apartment for rent in Tse Addo,2500,month,2500,False,1,1,,,Tse Addo,False,False
114313,https://meqasa.com/apartment-for-rent-at-Tse-Addo-114313,/apartment-for-rent-at-Tse-Addo-114313?y=186631647,3 bedroom apartment for rent in Tse Addo,7798,month,7798,False,3,3,,,Tse Addo,False,False
350417,https://meqasa.com/apartment-for-rent-at-Airport-Residential-Area-350417,/apartment-for-rent-at-Airport-Residential-Area-350417?y=186631647,"3 bedroom furnished apartment for rent in Accra, Airport Residential Area",3834,day,115020,True,3,3,1,,Airport Residential Area,True,False
455298,https://meqasa.com/apartment-for-rent-at-Roman-Ridge-455298,/apartment-for-rent-at-Roman-Ridge-455298?y=186631647,"1 bedroom furnished apartment for rent in Accra, Roman Ridge",17825,month,17825,False,1,1,20,80.0,Roman Ridge,True,False
458580,https://meqasa.com/apartment-for-rent-at-Airport-Residential-Area-458580,/apartment-for-rent-at-Airport-Residential-Area-458580?y=186631647,"2 bedroom furnished apartment for rent in Accra, Airport Residential Area",27851,month,27851,False,2,3,2,130.0,Airport Residential Area,True,False
397038,https://meqasa.com/apartment-for-rent-at-Adjiringanor-397038,/apartment-for-rent-at-Adjiringanor-397038?y=186631647,2 bedroom furnished apartment for rent in Adjiringanor,11140,month,11140,False,2,2,3,,Adjiringanor,True,False
455409,https://meqasa.com/apartment-for-rent-at-East-Airport-feww-minutes-from-Chain-Homes-455409,/apartment-for-rent-at-East-Airport-feww-minutes-from-Chain-Homes-455409?y=186631647,"2 bedroom furnished apartment for rent in Accra, East Airport feww minutes from Chain Homes",14000,month,14000,False,2,3,15,120.0,East Airport feww minutes from Chain Homes,True,False
461100,https://meqasa.com/apartment-for-rent-at-OSU-Ako-Adjei--461100,/apartment-for-rent-at-OSU-Ako-Adjei--461100?y=186631647,"2 bedroom furnished apartment for rent in Accra, OSU Ako Adjei",24509,month,24509,False,2,3,,100.0,OSU Ako Adjei,True,False
458583,https://meqasa.com/apartment-for-rent-at-Airport-Residential-458583,/apartment-for-rent-at-Airport-Residential-458583?y=186631647,3 bedroom furnished apartment for rent in Airport Residential,27851,month,27851,False,3,4,2,120.0,Airport Residential,True,False
455559,https://meqasa.com/apartment-for-rent-at-Osu--455559,/apartment-for-rent-at-Osu--455559?y=186631647,"3 bedroom furnished apartment for rent in Accra, Osu",17825,month,17825,False,3,3,2,400.0,Osu,True,False
117550,https://meqasa.com/apartment-for-rent-at-Asylum-Down-117550,/apartment-for-rent-at-Asylum-Down-117550?y=186631647,"4 bedroom apartment for rent in Accra, Asylum Down",11140,month,11140,False,4,4,,,Asylum Down,False,False
115705,https://meqasa.com/apartment-for-rent-at-Dzorwulu-115705,/apartment-for-rent-at-Dzorwulu-115705?y=186631647,"1 bedroom apartment for rent in Accra, Dzorwulu",1000,month,1000,False,1,1,,,Dzorwulu,False,False
471221,https://meqasa.com/apartment-for-rent-at-East-Legon-471221,/apartment-for-rent-at-East-Legon-471221?y=186631647,"1 bedroom apartment for rent in Accra, East Legon",5570,month,5570,False,1,2,1,,East Legon,False,False
472093,https://meqasa.com/apartment-for-rent-at-Cantonments-472093,/apartment-for-rent-at-Cantonments-472093?y=186631647,"1 bedroom apartment for rent in Accra, Cantonments",27851,month,27851,False,1,2,,,Cantonments,False,False
473098,https://meqasa.com/apartment-for-rent-at-Ashongman-Agbogba--473098,/apartment-for-rent-at-Ashongman-Agbogba--473098?y=186631647,1 bedroom furnished apartment for rent in Ashongman Agbogba,8000,month,8000,False,1,1,1,,Ashongman Agbogba,True,False
115899,https://meqasa.com/apartment-for-rent-at-Abelenkpe-115899,/apartment-for-rent-at-Abelenkpe-115899?y=186631647,2 bedroom apartment for rent in Abelenkpe,4500,month,4500,False,2,2,,,Abelenkpe,False,False
472107,https://meqasa.com/apartment-for-rent-at-Lashibi-472107,/apartment-for-rent-at-Lashibi-472107?y=186631647,2 bedroom furnished apartment for rent in Lashibi,11140,month,11140,False,2,3,,,Lashibi,True,False
474227,https://meqasa.com/apartment-for-rent-at-East-Legon-474227,/apartment-for-rent-at-East-Legon-474227?y=186631647,"2 bedroom apartment for rent in Accra, East Legon",6000,month,6000,False,2,3,,,East Legon,False,False
473090,https://meqasa.com/apartment-for-rent-at-Tse-Addo-473090,/apartment-for-rent-at-Tse-Addo-473090?y=186631647,2 bedroom apartment for rent in Tse Addo,5000,month,5000,False,2,3,2,,Tse Addo,False,False
472094,https://meqasa.com/apartment-for-rent-at-Cantonments-472094,/apartment-for-rent-at-Cantonments-472094?y=186631647,"2 bedroom furnished apartment for rent in Accra, Cantonments",42334,month,42334,False,2,,,,Cantonments,True,False
472095,https://meqasa.com/apartment-for-rent-at-Cantonments-472095,/apartment-for-rent-at-Cantonments-472095?y=186631647,"3 bedroom furnished apartment for rent in Accra, Cantonments",53429,month,53429,False,3,4,,,Cantonments,True,False
33577,https://meqasa.com/apartment-for-rent-at-Cantonments-033577,/apartment-for-rent-at-Cantonments-033577?y=186631647,"3 bedroom furnished apartment for rent in Accra, Cantonments",38991,month,38991,False,3,3,,,Cantonments,True,False
472978,https://meqasa.com/apartment-for-rent-at-East-Legon-472978,/apartment-for-rent-at-East-Legon-472978?y=186631647,"3 bedroom apartment for rent in Accra, East Legon",12254,month,12254,False,3,4,3,,East Legon,False,False
474033,https://meqasa.com/apartment-for-rent-at-East-Legon-474033,/apartment-for-rent-at-East-Legon-474033?y=186631647,"3 bedroom apartment for rent in Accra, East Legon",20000,month,20000,False,3,4,3,,East Legon,False,False
33583,https://meqasa.com/apartment-for-rent-at-Cantonments-033583,/apartment-for-rent-at-Cantonments-033583?y=186631647,"3 bedroom apartment for rent in Accra, Cantonments",33421,month,33421,False,3,3,,,Cantonments,False,False
116285,https://meqasa.com/apartment-for-rent-at-Kokomlemle-116285,/apartment-for-rent-at-Kokomlemle-116285?y=186631647,"3 bedroom apartment for rent in Accra, Kokomlemle",5500,month,5500,False,3,3,,,Kokomlemle,False,False
118354,https://meqasa.com/apartment-for-rent-at-Osu-118354,/apartment-for-rent-at-Osu-118354?y=186631647,"1 bedroom apartment for rent in Accra, Osu",1300,month,1300,False,1,1,,,Osu,False,False
368554,https://meqasa.com/apartment-for-rent-at-Osu-368554,/apartment-for-rent-at-Osu-368554?y=186631647,"2 bedroom apartment for rent in Accra, Osu",15597,month,15597,False,2,3,2,,Osu,False,False
117680,https://meqasa.com/apartment-for-rent-at-North-Ridge-117680,/apartment-for-rent-at-North-Ridge-117680?y=186631647,"3 bedroom apartment for rent in Accra, North Ridge",44562,month,44562,False,3,3,,,North Ridge,False,False
373803,https://meqasa.com/apartment-for-rent-at-East-Airport-373803,/apartment-for-rent-at-East-Airport-373803?y=186631647,"1 bedroom furnished apartment for rent in Accra, East Airport",7241,month,7241,False,1,1,3,,East Airport,True,False
115895,https://meqasa.com/apartment-for-rent-at-Abelemkpe-115895,/apartment-for-rent-at-Abelemkpe-115895?y=186631647,"1 bedroom apartment for rent in Accra, Abelemkpe",1700,month,1700,False,1,1,,,Abelemkpe,False,False
421938,https://meqasa.com/apartment-for-rent-at-Tse-Addo-421938,/apartment-for-rent-at-Tse-Addo-421938?y=186631647,1 bedroom apartment for rent in Tse Addo,5000,month,5000,False,1,1,2,,Tse Addo,False,False
458791,https://meqasa.com/apartment-for-rent-at-Tse-Addo-458791,/apartment-for-rent-at-Tse-Addo-458791?y=186631647,1 bedroom furnished apartment for rent in Tse Addo,6684,month,6684,False,1,1,1,,Tse Addo,True,False
245820,https://meqasa.com/apartment-for-rent-at-East-Airport-245820,/apartment-for-rent-at-East-Airport-245820?y=186631647,"1 bedroom furnished apartment for rent in Accra, East Airport",7798,month,7798,False,1,1,3,,East Airport,True,False
218423,https://meqasa.com/apartment-for-rent-at-East-Airport-218423,/apartment-for-rent-at-East-Airport-218423?y=186631647,"2 bedroom apartment for rent in Accra, East Airport",5570,month,5570,False,2,1,3,,East Airport,False,False
271875,https://meqasa.com/apartment-for-rent-at-East-Airport-271875,/apartment-for-rent-at-East-Airport-271875?y=186631647,"2 bedroom apartment for rent in Accra, East Airport",7798,month,7798,False,2,3,2,,East Airport,False,False
458773,https://meqasa.com/apartment-for-rent-at-Tse-Addo-458773,/apartment-for-rent-at-Tse-Addo-458773?y=186631647,2 bedroom apartment for rent in Tse Addo,6000,month,6000,False,2,2,3,,Tse Addo,False,False
455159,https://meqasa.com/apartment-for-rent-at-East-Legon--455159,/apartment-for-rent-at-East-Legon--455159?y=186631647,"2 bedroom furnished apartment for rent in Accra, East Legon",20053,month,20053,False,2,3,4,100.0,East Legon,True,False
457750,https://meqasa.com/apartment-for-rent-at-Tse-Addo-457750,/apartment-for-rent-at-Tse-Addo-457750?y=186631647,2 bedroom apartment for rent in Tse Addo,7000,month,7000,False,2,2,2,,Tse Addo,False,False
388917,https://meqasa.com/apartment-for-rent-at-East-Legon-388917,/apartment-for-rent-at-East-Legon-388917?y=186631647,"2 bedroom apartment for rent in Accra, East Legon",5013,month,5013,False,2,3,2,,East Legon,False,False
219430,https://meqasa.com/apartment-for-rent-at-East-Airport-219430,/apartment-for-rent-at-East-Airport-219430?y=186631647,"2 bedroom apartment for rent in Accra, East Airport",6500,month,6500,False,2,2,3,,East Airport,False,False
238359,https://meqasa.com/apartment-for-rent-at-Labone-238359,/apartment-for-rent-at-Labone-238359?y=186631647,"2 bedroom furnished apartment for rent in Accra, Labone",20053,month,20053,False,2,3,3,,Labone,True,False
238360,https://meqasa.com/apartment-for-rent-at-Airport-Residential-Area-238360,/apartment-for-rent-at-Airport-Residential-Area-238360?y=186631647,"3 bedroom furnished apartment for rent in Accra, Airport Residential Area",38991,month,38991,False,3,4,3,,Airport Residential Area,True,False
373806,https://meqasa.com/apartment-for-rent-at-Tse-Addo-373806,/apartment-for-rent-at-Tse-Addo-373806?y=186631647,3 bedroom apartment for rent in Tse Addo,6000,month,6000,False,3,4,3,,Tse Addo,False,False
468266,https://meqasa.com/apartment-for-rent-at-Cantonments-468266,/apartment-for-rent-at-Cantonments-468266?y=186631647,"3 bedroom furnished apartment for rent in Accra, Cantonments",17825,month,17825,False,3,2,3,,Cantonments,True,False
458014,https://meqasa.com/apartment-for-rent-at-Cantonments-458014,/apartment-for-rent-at-Cantonments-458014?y=186631647,"3 bedroom furnished apartment for rent in Accra, Cantonments",14483,month,14483,False,3,4,,,Cantonments,True,False
458020,https://meqasa.com/apartment-for-rent-at-Airport-Residential-Area-458020,/apartment-for-rent-at-Airport-Residential-Area-458020?y=186631647,"3 bedroom furnished apartment for rent in Accra, Airport Residential Area",15597,month,15597,False,3,2,2,,Airport Residential Area,True,False
461115,https://meqasa.com/apartment-for-rent-at-Osu-461115,/apartment-for-rent-at-Osu-461115?y=186631647,"3 bedroom furnished apartment for rent in Accra, Osu",13368,month,13368,False,3,2,2,,Osu,True,False
115465,https://meqasa.com/apartment-for-rent-at-Airport--115465,/apartment-for-rent-at-Airport--115465?y=186631647,3 bedroom apartment for rent in Airport,22281,month,22281,False,3,3,,,Airport,False,False
427299,https://meqasa.com/apartment-for-rent-at-East-Legon-427299,/apartment-for-rent-at-East-Legon-427299?y=186631647,"2 bedroom furnished apartment for rent in Accra, East Legon",2640,day,79200,True,2,2,2,,East Legon,True,False
115044,https://meqasa.com/apartment-for-rent-at-Spintex-115044,/apartment-for-rent-at-Spintex-115044?y=186631647,"3 bedroom apartment for rent in Accra, Spintex",7000,month,7000,False,3,3,,,Spintex,False,False
453657,https://meqasa.com/apartment-for-rent-at-East-Legon-near-the-AnC-Mall-453657,/apartment-for-rent-at-East-Legon-near-the-AnC-Mall-453657?y=186631647,"4 bedroom furnished apartment for rent in Accra, East Legon near the AnC Mall",1800,day,54000,True,4,4,2,,East Legon near the AnC Mall,True,False
264311,https://meqasa.com/apartment-for-rent-at-Spintex-264311,/apartment-for-rent-at-Spintex-264311?y=186631647,"Apartment for rent in Accra, Spintex",5570,month,5570,False,,2,2,197.0,Spintex,False,False
383638,https://meqasa.com/apartment-for-rent-at-Spintex-383638,/apartment-for-rent-at-Spintex-383638?y=186631647,"1 bedroom furnished apartment for rent in Accra, Spintex",8000,month,8000,False,1,1,1,898.0,Spintex,True,False
377234,https://meqasa.com/apartment-for-rent-at-Spintex-Cottage--377234,/apartment-for-rent-at-Spintex-Cottage--377234?y=186631647,"1 bedroom furnished apartment for rent in Accra, Spintex Cottage",11140,month,11140,False,1,2,1,787.0,Spintex Cottage,True,False
468585,https://meqasa.com/apartment-for-rent-at-Tse-Addo-468585,/apartment-for-rent-at-Tse-Addo-468585?y=186631647,1 bedroom apartment for rent in Tse Addo,8912,month,8912,False,1,1,1,975.0,Tse Addo,False,False
300951,https://meqasa.com/apartment-for-rent-at-Osu-300951,/apartment-for-rent-at-Osu-300951?y=186631647,"1 bedroom furnished apartment for rent in Accra, Osu",16711,month,16711,False,1,1,1,737.0,Osu,True,False
